NORTH_WEST_TERRITORY,ALBERTA,KAMCHATKA
ALASKA,ALBERTA,ONTARIO,GREENLAND
ALASKA,NORTH_WEST_TERRITORY,ONTARIO,WESTERN_UNITED_STATES
NORTH_WEST_TERRITORY,ALBERTA,WESTERN_UNITED_STATES,EASTERN_UNITED_STATES,QUEBEC,GREENLAND
GREENLAND,ONTARIO,EASTERN_UNITED_STATES
NORTH_WEST_TERRITORY,ONTARIO,QUEBEC,ICELAND
WESTERN_UNITED_STATES,EASTERN_UNITED_STATES,VENEZUELA
ALBERTA,ONTARIO,EASTERN_UNITED_STATES,CENTRAL_AMERICA
CENTRAL_AMERICA,WESTERN_UNITED_STATES,ONTARIO,QUEBEC
CENTRAL_AMERICA,BRAZIL,PERU
VENEZUELA,PERU,ARGENTINA,NORTH_AFRICA
VENEZUELA,BRAZIL,ARGENTINA
BRAZIL,PERU
GREENLAND,SCANDINAVIA,GREAT_BRITAIN
ICELAND,SCANDINAVIA,NORTHERN_EUROPE,WESTERN_EUROPE
GREAT_BRITAIN,NORTHERN_EUROPE,SOUTHERN_EUROPE,NORTH_AFRICA
WESTERN_EUROPE,NORTHERN_EUROPE,UKRAINE,NORTH_AFRICA,EGYPT,MIDDLE_EAST
SCANDINAVIA,GREAT_BRITAIN,UKRAINE,WESTERN_EUROPE,SOUTHERN_EUROPE
ICELAND,GREAT_BRITAIN,NORTHERN_EUROPE,UKRAINE
SCANDINAVIA,NORTHERN_EUROPE,SOUTHERN_EUROPE,MIDDLE_EAST,AFGHANISTAN,URAL
UKRAINE,SIBERIA,CHINA,AFGHANISTAN
URAL,YAKUTSK,IRKUTSK,MONGOLIA,CHINA
URAL,CHINA,INDIA,MIDDLE_EAST,UKRAINE
URAL,SIBERIA,MONGOLIA,SIAM,INDIA,AFGHANISTAN
CHINA,SIAM,AFGHANISTAN,MIDDLE_EAST
YAKUTSK,KAMCHATKA,MONGOLIA,SIBERIA
KAMCHATKA,MONGOLIA
YAKUTSK,IRKUTSK,MONGOLIA,JAPAN
UKRAINE,SOUTHERN_EUROPE,EGYPT,EAST_AFRICA,AFGHANISTAN,INDIA
CHINA,SIBERIA,IRKUTSK,KAMCHATKA,JAPAN
CHINA,INDIA,INDONESIA
SIBERIA,IRKUTSK,KAMCHATKA
NORTH_AFRICA,EAST_AFRICA,SOUTH_AFRICA
EGYPT,NORTH_AFRICA,CONGO,SOUTH_AFRICA,MADAGASCAR
CONGO,EAST_AFRICA,MADAGASCAR
WESTERN_AUSTRALIA,NEW_GUINEA
NEW_GUINEA,WESTERN_AUSTRALIA,SIAM
INDONESIA,WESTERN_AUSTRALIA,EASTERN_AUSTRALIA
INDONESIA,NEW_GUINEA,EASTERN_AUSTRALIA